Q_ID,Difficulty,Latency (s),Expected Clauses,Generated Clauses,Expected Answer,Generated Answer,Retrieved Context
Q_Exception_Hard_05,ยาก,18.18,"ข้อ 53 (2), ข้อ 54 (2)","ข้อ 53 (2), ข้อ 54 (2)",ไม่ขาดคุณสมบัติ แม้ข้อ 53 (2) จะกำหนดลักษณะต้องห้ามเรื่องคดีทุจริตภายใน 10 ปี แต่ในข้อ 54 (2) มีการระบุข้อยกเว้นชัดเจนว่า มิให้นำข้อห้ามดังกล่าวมาใช้บังคับกับผู้ขออนุญาตที่เป็น 'บริษัทจดทะเบียน',บริษัทมหาชนที่เคยถูกศาลพิพากษาคดีฉ้อโกงประชาชนเมื่อ 5 ปีก่อน จะขาดคุณสมบัติในการขออนุญาตเสนอขายตราสารหนี้ต่อผู้ลงทุนรายใหญ่ เนื่องจากข้อ 53 (2) ระบุว่าผู้ขออนุญาตต้องไม่มีประวัติการถูกพิพากษาในความผิดเกี่ยวกับทรัพย์ที่มีลักษณะหลอกลวง ฉ้อโกง หรือทุจริตภายในระยะเวลา 10 ปีก่อนวันยื่นคำขออนุญาต ซึ่งกรณีนี้เข้าข่ายตามข้อกำหนดดังกล่าว อย่างไรก็ตาม ความในข้อ 54 (2) ระบุว่าข้อ 53 (2) จะไม่ถูกบังคับใช้กับผู้ขออนุญาตที่เป็นบริษัทจดทะเบียน ดังนั้น หากบริษัทดังกล่าวเป็นบริษัทจดทะเบียนในตลาดหลักทรัพย์ ก็จะไม่ขาดคุณสมบัติในการขออนุญาตเสนอขายตราสารหนี้ต่อผู้ลงทุนรายใหญ่ตามเงื่อนไขนี้,"--- อ้างอิงจากโครงสร้าง: ภาค 5 > ข้อ 82 ---
ข้อ 82 ในกรณีที่สำนักงานได้อนุญาตให้เสนอขายตราสารหนี้ต่อบุคคลในวงจำกัดในลักษณะโครงการต่อผู้ลงทุนสถาบัน หรือผู้ลงทุนรายใหญ่ ตามประกาศที่กำหนดในข้อ 81 ไว้แล้วก่อนวันที่ประกาศนี้มีผลใช้บังคับ หากผู้ได้รับอนุญาตประสงค์จะเสนอขายตราสารหนี้ภายใต้โครงการดังกล่าวตามอายุโครงการที่เหลืออยู่ต่อผู้ลงทุนสถาบัน ผู้ลงทุนรายใหญ่พิเศษ หรือผู้ลงทุนรายใหญ่ตามความหมายในประกาศคณะกรรมการกำกับตลาดหลักทรัพย์และตลาดหลักทรัพย์ ที่ กจ. 39/2564 เรื่อง การกำหนดนิยามผู้ลงทุนสถาบัน ผู้ลงทุนรายใหญ่พิเศษ หรือผู้ลงทุนรายใหญ่ ลงวันที่ 24 ธันวาคม พ.ศ. 2564 ให้ผู้ได้รับอนุญาตกระทำได้เมื่อได้แจ้งต่อสำนักงานว่าประสงค์จะเสนอขายต่อผู้ลงทุนสถาบันผู้ลงทุนรายใหญ่พิเศษ หรือผู้ลงทุนรายใหญ่ ตามความหมายที่กำหนดในประกาศดังกล่าว

--- อ้างอิงจากโครงสร้าง: ภาค 1 > หมวด 1 ---
หมวด 1

ขอบเขตของประกาศและหลักเกณฑ์ทั่วไป

________________

ข้อ 3 ประกาศนี้ให้ใช้บังคับกับการขออนุญาตและการอนุญาตให้เสนอขายตราสารหนี้ที่ออกใหม่ต่อบุคคลในวงจำกัด และการเสนอขายหุ้นกู้แปลงสภาพต่อบุคคลที่มีลักษณะเฉพาะตามข้อ 4
โดยกิจการดังต่อไปนี้

(1) กิจการไทย ได้แก่

     (ก) บริษัทจำกัดหรือบริษัทมหาชนจำกัดที่จัดตั้งขึ้นตามกฎหมายไทย

     (ข) สาขาธนาคารพาณิชย์ต่างประเทศที่สามารถประกอบธุรกิจธนาคารพาณิชย์ได้ตามกฎหมายว่าด้วยธุรกิจสถาบันการเงิน

(2) กิจการต่างประเทศ ได้แก่

     (ก) หน่วยงานหรือองค์การของรัฐบาลต่างประเทศ

     (ข) องค์การระหว่างประเทศ

     (ค) นิติบุคคลที่จัดตั้งขึ้นตามกฎหมายต่างประเทศ

(3) หน่วยงานภาครัฐไทย ได้แก่

     (ก) องค์การมหาชน

     (ข) องค์การบริหารส่วนจังหวัด

     (ค) เทศบาล

     (ง) กรุงเทพมหานคร

     (จ) เมืองพัทยา

     (ฉ) องค์กรปกครองส่วนท้องถิ่นอื่นที่มีกฎหมายกำหนดให้เป็นองค์กรปกครองส่วนท้องถิ่นรูปแบบพิเศษ

     (ช) นิติบุคคลที่มีกฎหมายเฉพาะจัดตั้งขึ้น

(4) กองทรัสต์

การขออนุญาตและการอนุญาตให้เสนอขายตราสารหนี้ที่ออกใหม่ตามวรรคหนึ่ง ไม่รวมถึงการเสนอขายหุ้นกู้แปลงสภาพที่ออกโดยบริษัทจำกัด

ข้อ 4 การเสนอขายหุ้นกู้แปลงสภาพต่อบุคคลที่มีลักษณะเฉพาะดังต่อไปนี้ ให้อยู่ภายใต้บังคับของประกาศนี้

(1) การเสนอขายหุ้นกู้แปลงสภาพต่อผู้ถือหุ้นของบริษัทตามสัดส่วนการถือหุ้น แต่ผู้ที่จะใช้สิทธิแปลงสภาพอาจมิใช่ผู้ถือหุ้นของบริษัท โดยบริษัทดังกล่าวเป็นบริษัทจดทะเบียนหรือบริษัทมหาชนจำกัดที่จัดตั้งขึ้นตามกฎหมายไทยซึ่งมีหน้าที่ตามมาตรา 56 ไม่ว่าหน้าที่นั้นจะเกิดจากการเสนอขายโดยบริษัทมหาชนจำกัดเองหรือโดยผู้ถือหุ้นของบริษัทมหาชนจำกัด

     การเสนอขายหุ้นกู้แปลงสภาพต่อผู้ถือหุ้นของบริษัทตามสัดส่วนการถือหุ้นตามวรรคหนึ่งให้หมายความรวมถึงการเสนอขายหุ้นกู้แปลงสภาพในลักษณะเป็นการทั่วไป โดยกำหนดเงื่อนไขให้ผู้ที่จะซื้อหุ้นกู้แปลงสภาพต้องเป็นผู้ถือหุ้นของบริษัท และจำนวนการจองซื้อไม่เกินกว่าสัดส่วนการถือหุ้น โดยเป็นการเสนอขายตามมติที่ประชุมผู้ถือหุ้นที่ให้เสนอขายต่อผู้ถือหุ้นทุกรายอย่างเท่าเทียมกัน แต่จะไม่เสนอขายให้ผู้ถือหุ้นที่จะทำให้บริษัทมีหน้าที่ตามกฎหมายต่างประเทศด้วย

(2) การเสนอขายหุ้นกู้แปลงสภาพต่อเจ้าหนี้ของบริษัทตามแผนฟื้นฟูกิจการที่ศาลให้ความเห็นชอบตามกฎหมายว่าด้วยล้มละลาย

ข้อ 5 หลักเกณฑ์ตามประกาศนี้ไม่ใช้บังคับกับการขออนุญาตและการอนุญาตให้เสนอขายตราสารหนี้ดังต่อไปนี้

(1) ตราสารหนี้ที่ออกใหม่ต่อบุคคลในวงจำกัด หรือการเสนอขายหุ้นกู้แปลงสภาพต่อบุคคลที่มีลักษณะเฉพาะซึ่งมีหลักเกณฑ์กำหนดไว้เป็นการเฉพาะในประกาศอื่น

(2) หุ้นกู้แปลงสภาพที่ออกใหม่ที่เสนอขายต่อกรรมการหรือพนักงานตามประกาศคณะกรรมการกำกับตลาดทุนที่กำหนดหลักเกณฑ์เกี่ยวกับการเสนอขายหลักทรัพย์ที่ออกใหม่ต่อกรรมการหรือพนักงานของบริษัทมหาชนจำกัดที่จัดตั้งขึ้นตามกฎหมายไทยหรือบริษัทที่จัดตั้งตามกฎหมายต่างประเทศ

(3) การขออนุญาตและการอนุญาตให้เสนอขายตราสารหนี้สกุลเงินตราต่างประเทศที่เสนอขายในต่างประเทศทั้งจำนวนในลักษณะดังต่อไปนี้ ให้นำหลักเกณฑ์ตามประกาศคณะกรรมการกำกับตลาดทุนว่าด้วยหลักเกณฑ์ เงื่อนไข และวิธีการในการขออนุญาตและการอนุญาตให้เสนอขายหุ้นกู้ที่ออกใหม่ต่อผู้ลงทุนในต่างประเทศ มาใช้บังคับ โดยอนุโลม

     (ก) การเสนอขายตราสารหนี้ที่ออกโดยหน่วยงานภาครัฐไทย

     (ข) การเสนอขายหุ้นกู้ที่ออกโดยกองทรัสต์

ข้อ 6 การอนุญาตให้เสนอขายตราสารหนี้ที่ออกใหม่ตามประกาศนี้ ให้เป็นไปตามหลักเกณฑ์ดังต่อไปนี้

(1) ลักษณะการเสนอขายตราสารหนี้ในวงจำกัด ให้เป็นไปตามหลักเกณฑ์ในภาค 2

(2) การเสนอขายตราสารหนี้ในวงจำกัดที่ได้รับอนุญาตเป็นการทั่วไป ให้เป็นไปตามภาค 3

(3) การเสนอขายตราสารหนี้ในวงจำกัดที่ต้องยื่นคำขออนุญาต ให้เป็นไปตามภาค 4

(4) การเสนอขายหุ้นกู้แปลงสภาพต่อบุคคลที่มีลักษณะเฉพาะ ให้เป็นไปตามภาค 5

--- อ้างอิงจากโครงสร้าง: ภาค 2 > ข้อ 15 ---
ข้อ 15 การเสนอขายตราสารหนี้ที่ออกใหม่ในลักษณะใดลักษณะหนึ่งดังต่อไปนี้ให้ถือเป็นการเสนอขายในวงจำกัด

_________________________

ลักษณะการเสนอขายตราสารหนี้ในวงจำกัด : ประเภทตราสารหนี้ที่เสนอขาย (หุ้นกู้ / พันธบัตร / ตั๋วเงิน)

1. การเสนอขายตราสารหนี้ PP101x2x3 : หุ้นกู้ / พันธบัตร / ตั๋วเงิน

2. การเสนอขายต่อผู้ลงทุนสถาบัน : หุ้นกู้ / พันธบัตร

3. การเสนอขายต่อผู้ลงทุนรายใหญ่พิเศษ : หุ้นกู้ / พันธบัตร

4. การเสนอขายต่อผู้ลงทุนรายใหญ่ : หุ้นกู้ / พันธบัตร

5. การเสนอขายตราสารหนี้ต่อบุคคลที่เป็นเจ้าหนี้ของบริษัทอยู่แล้วก่อนการเสนอขาย เพื่อประโยชน์ในการปรับโครงสร้างหนี้ แต่ทั้งนี้ไม่รวมถึงการเสนอขายหุ้นกู้ที่ออกโดยกิจการต่างประเทศ และการเสนอขายหุ้นกู้สกุลเงินตราต่างประเทศ : หุ้นกู้ / พันธบัตร

6. การเสนอขายตราสารหนี้โดยได้รับผ่อนผันจากสำนักงาน โดยผู้ที่จะได้รับอนุญาตต้องแสดงได้ว่าการเสนอขายดังกล่าวเป็นไปตามหลักเกณฑ์ที่ครบถ้วนดังนี้

(ก) มีเหตุจำเป็นและสมควร

(ข) การเสนอขายดังกล่าวจะไม่มีผลกระทบต่อผู้ลงทุนในวงกว้าง

(ค) มีมาตรการให้ความคุ้มครองแก่ผู้ลงทุนอย่างเพียงพอแล้ว : หุ้นกู้ / พันธบัตร

7. การเสนอขายตั๋วเงินต่อบุคคลดังนี้ ซึ่งมีมูลค่าหน้าตั๋วไม่ต่ำกว่า 10 ล้านบาท และไม่เข้าลักษณะตาม 1.

(ก) ผู้ลงทุนสถาบัน

(ข) ผู้ลงทุนรายใหญ่พิเศษ หรือผู้ลงทุนรายใหญ่ ทั้งนี้ เฉพาะในกรณีที่ตั๋วเงินดังกล่าวออกโดยธนาคารพาณิชย์ บริษัทเงินทุน
บริษัทเครดิตฟองซิเอร์ บริษัทหลักทรัพย์ หรือบริษัทประกันชีวิต :  ตั๋วเงิน (เฉพาะตั๋วเงินระยะสั้น)

 _________________________

(1) การเสนอขายตราสารหนี้ PP10 หมายถึง การเสนอขายตราสารหนี้ต่อผู้ลงทุนโดยเฉพาะเจาะจงในลักษณะใดลักษณะหนึ่งดังนี้

(1) การเสนอขายต่อผู้ลงทุนสถาบัน ซึ่งมีจำนวนไม่เกิน 10 ราย ในรอบระยะเวลา 4 เดือนใด ๆ

(2) การเสนอขายต่อผู้ลงทุนรายใหญ่พิเศษหรือผู้ลงทุนรายใหญ่ ซึ่งมีจำนวนไม่เกิน 10 ราย และมีมูลค่ารวมกันทั้งสิ้นไม่เกิน 50 ล้านบาท ณ ขณะใดขณะหนึ่ง ทั้งนี้ ในกรณีที่ตราสารหนี้ที่เสนอขายเป็นตั๋วเงิน หรือมีตั๋วเงินรวมอยู่ด้วยตั๋วเงินที่เสนอขายต้องมีจำนวนไม่เกิน 10 ฉบับ ณ ขณะใดขณะหนึ่ง ไม่ว่าจะมีจำนวนผู้ลงทุนถึง 10 รายหรือไม่ก็ตาม

(2) การนับจำนวนผู้ลงทุน จำนวนและมูลค่าของตราสารหนี้ ให้พิจารณาจากตราสารหนี้ทุกประเภทที่เสนอขายก่อนหน้า
การเสนอขายครั้งนี้และยังไม่ครบอายุ

(3) ตั๋วเงินตามข้อ 1. และ 7. ต้องไม่มีข้อตกลงใด ๆ ที่ทำให้ตั๋วเงินนั้นมีลักษณะทำนองเดียวกับหุ้นกู้ที่มีอนุพันธ์แฝง และไม่มี
ข้อกำหนด ใด ๆ ที่ทำให้ผู้ถือตั๋วเงินมีภาระหนี้หรือภาระผูกพันเพิ่มเติมจากการเป็นผู้ถือตั๋วเงินตามปกติ

--- อ้างอิงจากโครงสร้าง: ภาค 1 > หมวด 3 > ส่วนที่ 1 ---
ส่วนที่ 1

การสั่งการในชั้นพิจารณาอนุญาต

________________

ข้อ 8 ในกรณีที่ปรากฏข้อเท็จจริงต่อสำนักงานที่เป็นเหตุอันควรสงสัยกรณีใดกรณีหนึ่งดังต่อไปนี้ สำนักงานอาจไม่อนุญาตให้เสนอขายตราสารหนี้ได้

(1) ผู้ขออนุญาตหรือการเสนอขายตราสารหนี้มีลักษณะหรือรูปแบบเป็นไปตามหลักเกณฑ์หรือเงื่อนไขที่จะได้รับอนุญาตตามประกาศนี้ แต่มีข้อเท็จจริงซึ่งทำให้พิจารณาได้ว่าความมุ่งหมายหรือเนื้อหาสาระที่แท้จริง (substance) ของการเสนอขายตราสารหนี้นั้นเข้าลักษณะเป็นการหลีกเลี่ยงบทบัญญัติตามกฎหมายว่าด้วยหลักทรัพย์และตลาดหลักทรัพย์ หรือประกาศนี้

(2) การเสนอขายตราสารหนี้อาจขัดต่อนโยบายสาธารณะหรือนโยบายของรัฐ

(3) การเสนอขายตราสารหนี้อาจก่อให้เกิดผลกระทบต่อความน่าเชื่อถือต่อตลาดทุนไทยโดยรวม

(4) การเสนอขายตราสารหนี้อาจก่อให้เกิดความเสียหายต่อผู้ลงทุนโดยรวมหรืออาจทำให้ผู้ลงทุนโดยรวมไม่ได้รับความเป็นธรรม หรือผู้ลงทุนอาจไม่ได้รับข้อมูลที่ถูกต้องหรือเพียงพอประกอบการตัดสินใจลงทุน

ข้อ 9 ในกรณีที่เข้าลักษณะอย่างใดอย่างหนึ่งดังต่อไปนี้ สำนักงานอาจผ่อนผันไม่นำหลักเกณฑ์ตามประกาศนี้มาใช้พิจารณาคำขออนุญาต หรือไม่นำเงื่อนไขตามประกาศนี้มาใช้บังคับกับการเสนอขายตราสารหนี้ที่ได้รับอนุญาตได้

(1) มีข้อเท็จจริงที่ชัดเจนซึ่งทำให้พิจารณาได้ว่าหลักเกณฑ์หรือเงื่อนไขที่จะผ่อนผันให้ไม่มีนัยสำคัญสำหรับการพิจารณาอนุญาตในกรณีนั้น และประโยชน์ที่จะได้ไม่คุ้มค่ากับต้นทุนในการปฏิบัติให้เป็นไปตามหลักเกณฑ์หรือเงื่อนไขดังกล่าว

(2) ผู้ขออนุญาตมีข้อจำกัดตามกฎหมายอื่นที่ทำให้ไม่สามารถปฏิบัติให้เป็นไปตามหลักเกณฑ์หรือเงื่อนไขที่จะผ่อนผัน

(3) ผู้ขออนุญาตมีมาตรการอื่นที่เพียงพอ และสามารถทดแทนการปฏิบัติให้เป็นไปตามหลักเกณฑ์หรือเงื่อนไขที่จะผ่อนผัน

การผ่อนผันตามวรรคหนึ่งให้คำนึงถึงความเหมาะสมและความเพียงพอของข้อมูลประกอบการตัดสินใจลงทุนและมาตรการคุ้มครองผู้ลงทุนเป็นสำคัญ ทั้งนี้ สำนักงานอาจกำหนดเงื่อนไขให้ผู้ขออนุญาตต้องปฏิบัติด้วยก็ได้

ข้อ 10 ในกรณีที่ปรากฏข้อเท็จจริงต่อสำนักงานที่เป็นเหตุอันควรสงสัยดังต่อไปนี้ สำนักงานอาจสั่งมิให้การอนุญาตสำหรับการเสนอขายตราสารหนี้ในวงจำกัดที่ได้รับอนุญาตเป็นการทั่วไปมีผลสั่งระงับการเสนอขายตราสารหนี้ หรือสั่งเพิกถอนการอนุญาตให้เสนอขายตราสารหนี้ได้ แล้วแต่กรณี

(1) บริษัทที่จะเสนอขายตราสารหนี้มีข้อบกพร่องหรือมีความไม่เหมาะสมเกี่ยวกับการปฏิบัติตามเงื่อนไขภายหลังการอนุญาตให้เสนอขายตราสารหนี้ หรือจะไม่สามารถปฏิบัติตามประกาศนี้ได้

(2) การเสนอขายตราสารหนี้ที่ออกใหม่มีลักษณะที่อาจเข้าข่ายเป็นการหลีกเลี่ยงกฎเกณฑ์ที่ออกภายใต้กฎหมายว่าด้วยหลักทรัพย์และตลาดหลักทรัพย์ และกฎหมายว่าด้วยทรัสต์เพื่อธุรกรรมในตลาดทุน

(3) การเสนอขายตราสารหนี้ที่ออกใหม่อาจก่อให้เกิดความเสียหายต่อผู้ลงทุนหรืออาจทำให้ผู้ลงทุนไม่ได้รับความเป็นธรรม หรือผู้ลงทุนอาจไม่ได้รับข้อมูลที่มีนัยสำคัญต่อการตัดสินใจลงทุน

ข้อ 11 การเสนอขายหุ้นกู้แปลงสภาพและหุ้นรองรับโดยบริษัทจดทะเบียนตามประกาศนี้ นอกจากกรณีที่กำหนดตามข้อ 10 แล้ว หากปรากฏข้อเท็จจริงที่มีลักษณะทำนองเดียวกับเหตุอันควรสงสัยตามข้อ 5 แห่งประกาศคณะกรรมการกำกับตลาดทุน ที่ ทจ. 72/2558 เรื่อง การอนุญาตให้บริษัทจดทะเบียนเสนอขายหุ้นที่ออกใหม่ต่อบุคคลในวงจำกัด ลงวันที่ 28 ตุลาคม พ.ศ. 2558 โดยอนุโลม สำนักงานอาจสั่งยกเลิกการอนุญาตให้บริษัทจดทะเบียนเสนอขายหุ้นกู้แปลงสภาพที่ออกใหม่และหุ้นรองรับในส่วนที่ยังไม่ได้เสนอขายได้

ข้อ 12 ในกรณีที่ปรากฏว่าผู้ขออนุญาตมีลักษณะไม่เป็นไปตามข้อ 56 ในการแจ้งผลการพิจารณาคำขออนุญาต ให้สำนักงานมีอำนาจกำหนดระยะเวลาหรือเงื่อนไขในการพิจารณาคำขออนุญาตในคราวต่อไป โดยคำนึงถึงความมีนัยสำคัญของพฤติกรรมอันเป็นลักษณะต้องห้าม ทั้งนี้ ในกรณีที่เป็นการกำหนดระยะเวลา ระยะเวลาดังกล่าวต้องไม่เกิน 15 ปีนับแต่วันที่สำนักงานแจ้งผลการพิจารณาดังกล่าวต่อผู้ขออนุญาต

เมื่อพ้นระยะเวลาที่สำนักงานกำหนดตามวรรคหนึ่ง หรือเมื่อผู้ขออนุญาตได้ปฏิบัติตามเงื่อนไขที่สำนักงานกำหนดแล้ว มิให้สำนักงานนำข้อเท็จจริงอันเป็นเหตุแห่งการสั่งการตามวรรคหนึ่งมาประกอบการพิจารณาคำขอในครั้งใหม่อีก

ในกรณีที่สำนักงานเห็นว่าเหตุที่ทำให้ผู้ขออนุญาตมีลักษณะไม่เป็นไปตามข้อ 56 เป็นเรื่องไม่ร้ายแรง หรือได้มีการแก้ไขหรือกำหนดมาตรการป้องกันแล้ว สำนักงานอาจไม่นำข้อเท็จจริงเกี่ยวกับการขาดลักษณะดังกล่าวมาใช้ประกอบการพิจารณาก็ได้

--- อ้างอิงจากโครงสร้าง: ภาค 3 > หมวด 1 > ส่วนที่ 1 ---
ส่วนที่ 1

หลักเกณฑ์ทั่วไปเกี่ยวกับการดำเนินการ

ตามกฎหมายและภาระผูกพัน

______________________

ข้อ 19 ผู้ออกตราสารหนี้ต้องสามารถออกตราสารหนี้ได้ภายใต้กฎหมายที่ใช้บังคับกับผู้ออกตราสาร

ในกรณีที่เป็นการออกตราสารหนี้โดยบริษัทที่จัดตั้งตามกฎหมายไทยดังต่อไปนี้ การออกตราสารหนี้ดังกล่าวต้องได้รับอนุมัติตามหลักเกณฑ์ดังต่อไปนี้ด้วย

(1) หุ้นกู้ที่ออกโดยบริษัทจำกัด ต้องได้รับมติโดยชัดแจ้งจากคณะกรรมการบริษัทที่อนุมัติการออกหุ้นกู้

(2) หุ้นกู้ที่ออกโดยบริษัทมหาชนจำกัด ต้องได้รับมติตามที่กำหนดในกฎหมายว่าด้วยบริษัทมหาชนจำกัดที่อนุมัติการออกหุ้นกู้

(3) ตั๋วเงินที่ออกเพื่อเสนอขายต่อผู้ลงทุนสถาบัน ต้องได้รับมติโดยชัดแจ้งจากคณะกรรมการบริษัทที่อนุมัติการออกตั๋วเงิน

ความในวรรคหนึ่งและวรรคสองไม่ให้นำมาใช้บังคับในกรณีดังต่อไปนี้

(1) กรณีเป็นการเสนอขายตราสารหนี้ในลักษณะ PP10

(2) กรณีที่บริษัทต้องออกตราสารหนี้ตามแผนฟื้นฟูกิจการตามกฎหมายว่าด้วยล้มละลายซึ่งศาลเห็นชอบด้วยแผนนั้นแล้ว

ข้อ 20 ผู้ออกตราสารหนี้ไม่มีประวัติในเรื่องใดเรื่องหนึ่งดังต่อไปนี้

(1) ภายในระยะเวลา 2 ปีก่อนวันยื่นจดข้อจำกัดการโอนต่อสำนักงาน เคยเสนอขายตราสารหนี้ไม่ว่าประเภทใด ๆ ตั๋วเงิน หรือศุกูก โดยฝ่าฝืนข้อกำหนดเกี่ยวกับลักษณะการเสนอขายที่จำกัดเฉพาะผู้ลงทุนสถาบัน ผู้ลงทุนรายใหญ่พิเศษ หรือผู้ลงทุนรายใหญ่ เว้นแต่ได้รับการผ่อนผันจากสำนักงานโดยผู้ขออนุญาตแสดงได้ว่ามีเหตุจำเป็นและสมควรที่จะออกตราสารในครั้งนี้ รวมทั้งมีมาตรการป้องกันการไม่ปฏิบัติดังกล่าวอย่างเหมาะสมแล้ว

(2) ภายในระยะเวลา 2 ปีก่อนวันที่ได้รับอนุญาตให้เสนอขายตราสารหนี้ต่อสำนักงานเคยนำเงินที่ได้รับจากการเสนอขายตราสารหนี้ไปใช้ผิดวัตถุประสงค์

ความในวรรคหนึ่ง (2) มิให้นำมาใช้บังคับกับการเสนอขายในลักษณะ PP10

--- อ้างอิงจากโครงสร้าง: ภาค 4 > หมวด 1 ---
หมวด 1

หลักเกณฑ์การอนุญาต

______________________

ข้อ 45 ผู้ขออนุญาตจะได้รับอนุญาตให้เสนอขายตราสารหนี้ต่อผู้ลงทุนรายใหญ่พิเศษหรือผู้ลงทุนรายใหญ่ ต่อเมื่อเป็นไปตามหลักเกณฑ์ดังต่อไปนี้

(1) หลักเกณฑ์ทั่วไปเกี่ยวกับการเปิดเผยข้อมูล ตามส่วนที่ 1

(2) หลักเกณฑ์ทั่วไปเกี่ยวกับการดำเนินการตามกฎหมายและภาระผูกพัน ตามส่วนที่ 2

(3) หลักเกณฑ์ทั่วไปเกี่ยวกับฝ่ายบริหารจัดการ ตามส่วนที่ 3

(4) การจัดอันดับความน่าเชื่อถือ ตามส่วนที่ 4

(5) หลักเกณฑ์ทั่วไปเกี่ยวกับคุณสมบัติอื่น ๆ ตามส่วนที่ 5

ในกรณีที่ตราสารหนี้ที่ออกใหม่ที่มีลักษณะของตราสาร ผู้ออก หรือการเสนอขายตามลักษณะที่กำหนดในภาคผนวก 2 ท้ายประกาศนี้ ผู้ขออนุญาตต้องมีคุณสมบัติและเป็นไปตามหลักเกณฑ์เพิ่มเติมตามภาคผนวก 2 ด้วย ทั้งนี้ ให้นำหลักเกณฑ์ทั่วไปตามวรรคหนึ่ง (1) ถึง (4) มาใช้บังคับเท่าที่ไม่ขัดหรือแย้งกับหลักเกณฑ์เพิ่มเติมตามภาคผนวก 2

ข้อ 46 หลักเกณฑ์ทั่วไปตามข้อ 45 มิให้นำมาใช้บังคับกับตราสารหนี้ที่มีลักษณะและเป็นไปตามเงื่อนไขที่ระบุในบัญชีข้อกำหนดที่ได้รับยกเว้นตามภาคผนวก 1 ท้ายประกาศนี้

ส่วนที่ 1

หลักเกณฑ์ทั่วไปเกี่ยวกับการเปิดเผยข้อมูล

______________________

ข้อ 47 แบบแสดงรายการข้อมูลที่ได้ยื่นมาพร้อมกับคำขออนุญาตต้องมีการเปิดเผยข้อมูลอย่างครบถ้วน ทั้งนี้ ในการขออนุญาตในลักษณะโครงการ แบบแสดงรายการข้อมูลดังกล่าวให้หมายถึงเฉพาะแบบแสดงรายการข้อมูลที่ได้ยื่นมาพร้อมกับคำขออนุญาตเท่านั้น

ข้อ 48 งบการเงินและงบการเงินรวมของผู้ขออนุญาตต้องถูกต้อง น่าเชื่อถือ และเป็นไปตามหลักเกณฑ์ดังต่อไปนี้

(1) จัดทำขึ้นตามมาตรฐานการรายงานทางการเงินและเป็นไปตามหลักเกณฑ์อื่นที่ออกตามความในมาตรา 56

(2) ผ่านการตรวจสอบ หรือสอบทาน (กรณีงบการเงินรายไตรมาส) จากผู้สอบบัญชีที่ได้รับความเห็นชอบจากสำนักงาน โดยผู้สอบบัญชีดังกล่าวได้ปฏิบัติหน้าที่ครบถ้วนตามมาตรฐานการสอบบัญชี

(3) รายงานการสอบบัญชีของผู้สอบบัญชีตาม (2) ต้องไม่มีความหมายในลักษณะดังนี้

     (ก) การจัดทำและเปิดเผยข้อมูลในงบการเงินไม่เป็นไปตามมาตรฐานการรายงานทางการเงินที่ต้องใช้ในการจัดทำงบการเงินนั้น

     (ข) ผู้สอบบัญชีถูกจำกัดขอบเขตการตรวจสอบหรือสอบทาน แล้วแต่กรณีโดยการกระทำหรือไม่กระทำของบริษัทที่ออกหลักทรัพย์ หรือของกรรมการหรือผู้บริหารของบริษัทที่ออกหลักทรัพย์

ในกรณีที่ผู้ขออนุญาตมีบริษัทย่อย ผู้ขออนุญาตต้องแสดงได้ว่าบริษัทย่อยดังกล่าวสามารถจัดทำข้อมูลทางการเงินและข้อมูลการเปิดเผยอื่นให้แก่ผู้ขออนุญาตเพื่อให้ผู้ขออนุญาตสามารถจัดทำงบการเงินให้เป็นไปตามมาตรฐานการบัญชีที่กำหนดในวรรคหนึ่ง (1)

ข้อ 49 เพื่อประโยชน์ในการพิจารณาหลักเกณฑ์ตามข้อ 48 ให้พิจารณางบการเงินและงบการเงินรวมดังต่อไปนี้

(1) งบการเงินประจำงวดปีบัญชีล่าสุด และงบการเงินระหว่างกาลงวดสุดท้าย ก่อนยื่นคำขอ ซึ่งงบการเงินดังกล่าวได้จัดทำขึ้นตามรอบระยะเวลาที่กำหนดในหลักเกณฑ์ที่ออกตามความในมาตรา 56

(2) ในกรณีที่ผู้ขออนุญาตเป็นกิจการต่างประเทศ ซึ่งมิได้จัดทำงบการเงินรายไตรมาสการพิจารณางบการเงินระหว่างกาล ให้พิจารณาจากงบการเงินสำหรับรอบระยะเวลา 6 เดือนแรกของปีบัญชี

ในกรณีที่ผู้ขออนุญาตเป็นธนาคารพาณิชย์ต่างประเทศ งบการเงินตามวรรคหนึ่ง (1) ให้หมายถึงงบการเงินของสาขาธนาคารพาณิชย์ต่างประเทศของผู้ขออนุญาตเพื่อประโยชน์ในการพิจารณาหลักเกณฑ์ตามวรรคหนึ่ง

ข้อ 50 ผู้ขออนุญาตต้องไม่อยู่ระหว่างการดำเนินการในเรื่องใดเรื่องหนึ่งดังนี้ เว้นแต่ได้รับการผ่อนผันจากสำนักงาน

(1) ค้างการนำส่งงบการเงินหรือรายงานที่มีหน้าที่ต้องจัดทำตามมาตรา 56

(2) ค้างส่งรายงานที่มีหน้าที่ต้องจัดทำและจัดส่งต่อสำนักงานตามมาตรา 57 หรือค้างส่งรายงานในลักษณะเดียวกันต่อตลาดหลักทรัพย์

(3) ปรับปรุงแก้ไขงบการเงิน หรือรายงานที่มีหน้าที่ต้องจัดทำตามมาตรา 56 หรือมาตรา 57 ตามที่สำนักงานแจ้งให้ดำเนินการปรับปรุงแก้ไข หรือปรับปรุงแก้ไขในลักษณะเดียวกันตามที่ตลาดหลักทรัพย์แจ้งให้ดำเนินการ

(4) ปฏิบัติตามคำสั่งของสำนักงานหรือตลาดหลักทรัพย์ตามมาตรา 58 หรือตามมาตรา 199 ประกอบมาตรา 58 แล้วแต่กรณี

ส่วนที่ 2

หลักเกณฑ์เกี่ยวกับการดำเนินการ

ตามกฎหมายและภาระผูกพัน

______________________

ข้อ 51 ผู้ขออนุญาตต้องเป็นไปตามหลักเกณฑ์ในข้อ 19 และข้อ 20

ข้อ 52 ผู้ขออนุญาตต้องไม่อยู่ระหว่างผิดนัดชำระหนี้เงินต้นหรือดอกเบี้ยของตราสารหนี้ หรือผิดนัดชำระหนี้เงินกู้ยืมจากธนาคารพาณิชย์ บริษัทเงินทุน บริษัทเครดิตฟองซิเอร์ หรือสถาบันการเงินที่มีกฎหมายเฉพาะจัดตั้งขึ้น

ข้อ 53 ผู้ขออนุญาตต้องไม่มีลักษณะดังต่อไปนี้ เว้นแต่ได้รับยกเว้นตามข้อ 54

(1) ภายในระยะเวลา 5 ปีก่อนวันยื่นคำขออนุญาตเสนอขายตราสารหนี้ผู้ขออนุญาตต้องไม่มีลักษณะอย่างใดอย่างหนึ่งดังนี้

     (ก) เคยมีประวัติฝ่าฝืนหลักเกณฑ์หรือเงื่อนไขเกี่ยวกับการเสนอขายหลักทรัพย์ในเรื่องที่มีนัยสำคัญ

     (ข) เคยถูกสำนักงานปฏิเสธคำขออนุญาตเสนอขายหุ้นที่ออกใหม่ เนื่องจากมีเหตุ
ที่มีนัยสำคัญอันควรสงสัยเกี่ยวกับกลไกการบริหารจัดการในลักษณะอย่างใดอย่างหนึ่งดังนี้

           1. อาจไม่สามารถปฏิบัติต่อผู้ถือหุ้นได้อย่างเป็นธรรมโดยอาจมีการเอื้อประโยชน์ให้แก่ผู้ถือหุ้นกลุ่มใดกลุ่มหนึ่งซึ่งจะทำให้ได้เปรียบผู้ถือหุ้นรายอื่นหรือได้ประโยชน์มากกว่าผู้ถือหุ้นรายอื่นโดยไม่สมควร

            2. อาจไม่สามารถรักษาสิทธิของผู้ถือหุ้นได้โดยทำให้บุคคลใดบุคคลหนึ่งได้รับประโยชน์ทางการเงินนอกเหนือจากที่พึงได้ตามปกติ หรือโดยทำให้บริษัทเสียประโยชน์ที่พึงได้รับ

     (ค) เคยถูกสำนักงานปฏิเสธคำขออนุญาตหรือสั่งเพิกถอนการอนุญาตเสนอขายหลักทรัพย์ที่ออกใหม่ เนื่องจากมีเหตุที่ทำให้สงสัยเกี่ยวกับการเปิดเผยข้อมูลต่อประชาชนหรือต่อสำนักงานที่ไม่ครบถ้วน ไม่ตรงตามความเป็นจริง ไม่เพียงพอต่อการตัดสินใจลงทุน หรือทำให้ผู้ลงทุนสำคัญผิดซึ่งมีลักษณะเป็นการปกปิดหรืออำพราง หรือสร้างข้อมูลที่อาจไม่มีอยู่จริงในรายการหรือการดำเนินการที่มีนัยสำคัญ

      (ง) เคยถอนคำขออนุญาตเสนอขายหลักทรัพย์ที่ออกใหม่โดยไม่มีการชี้แจงเหตุสงสัยตาม (ข) หรือ (ค) ต่อสำนักงาน หรือโดยมีการชี้แจงแต่ไม่ได้แสดงข้อเท็จจริงหรือเหตุผลอย่างสมเหตุสมผลที่จะหักล้างข้อสงสัยตาม (ข) หรือ (ค) นั้น

(2) ภายในระยะเวลา 10 ปีก่อนวันยื่นคำขออนุญาตเสนอขายตราสารหนี้ผู้ขออนุญาตเคยต้องคำพิพากษาถึงที่สุดให้ลงโทษในความผิดเกี่ยวกับทรัพย์เฉพาะในมูลเหตุเนื่องจากการดำเนินการที่มีลักษณะหลอกลวง ฉ้อโกง หรือทุจริต อันเป็นเหตุที่ทำให้เกิดความเสียหายในวงกว้าง ทั้งนี้ ไม่ว่าตามกฎหมายไทยหรือกฎหมายต่างประเทศ

(3) อยู่ระหว่างถูกกล่าวโทษหรือถูกดำเนินคดีในความผิดเกี่ยวกับทรัพย์โดยหน่วยงานที่เกี่ยวข้อง เฉพาะในมูลเหตุเนื่องจากการดำเนินการที่มีลักษณะหลอกลวง ฉ้อโกง หรือทุจริตอันเป็นเหตุที่ทำให้เกิดความเสียหายในวงกว้าง ทั้งนี้ ไม่ว่าตามกฎหมายไทยหรือกฎหมายต่างประเทศ

(4) เป็นบุคคลที่มีเหตุอันควรสงสัยว่าเป็นการจัดรูปแบบเพื่อให้บุคคลที่มีลักษณะตาม (1) (2) หรือ (3) หลีกเลี่ยงมิให้สำนักงานใช้หลักเกณฑ์การพิจารณาตาม (1) (2) หรือ (3) กับบุคคลที่มีลักษณะดังกล่าวนั้น

ข้อ 54 ความในข้อ 53 มิให้ใช้บังคับในกรณีดังต่อไปนี้

(1) ความในข้อ 53(1) และ (2) แล้วแต่กรณี มิให้นำมาใช้บังคับกับผู้ขออนุญาตซึ่งได้แก้ไขเปลี่ยนแปลงเหตุ ระบบงาน ระบบการบริหารจัดการ และการควบคุมการดำเนินงานที่ทำให้ผู้ขออนุญาตมีลักษณะตามข้อ 53(1) หรือ (2) แล้ว

(2) ความในข้อ 53(1) (ข) (ค) และ (ง) (2) (3) และ (4) มิให้นำมาใช้บังคับกับผู้ขออนุญาตที่เป็นบริษัทจดทะเบียน

ส่วนที่ 3

หลักเกณฑ์ทั่วไปเกี่ยวกับฝ่ายบริหารจัดการ

______________________

ข้อ 55 กรรมการและผู้บริหารของผู้ขออนุญาตต้องมีชื่ออยู่ในระบบข้อมูลรายชื่อกรรมการและผู้บริหารของบริษัทที่ออกหลักทรัพย์ตามประกาศคณะกรรมการกำกับตลาดทุนว่าด้วยหลักเกณฑ์การแสดงชื่อบุคคลในระบบข้อมูลรายชื่อกรรมการและผู้บริหารของบริษัทที่ออกหลักทรัพย์

ในกรณีที่ผู้ขออนุญาตตามวรรคหนึ่งเป็นธนาคารพาณิชย์ต่างประเทศ กรรมการและผู้บริหารตามวรรคหนึ่ง ให้หมายถึงกรรมการหรือผู้บริหารของสาขาธนาคารพาณิชย์ต่างประเทศ

ข้อ 56 ผู้มีอำนาจควบคุมของผู้ขออนุญาตต้องไม่มีลักษณะขาดความน่าไว้วางใจตามประกาศคณะกรรมการกำกับหลักทรัพย์และตลาดหลักทรัพย์ว่าด้วยการกำหนดลักษณะขาดความน่าไว้วางใจของกรรมการและผู้บริหารของบริษัท โดยอนุโลม

ส่วนที่ 4

การจัดอันดับความน่าเชื่อถือ

______________________

ข้อ 57 ในกรณีที่เป็นการเสนอขายหุ้นกู้ในลักษณะโครงการ ผู้ได้รับอนุญาตต้องจัดให้มีการจัดอันดับความน่าเชื่อถือตามตารางดังต่อไปนี้ โดยสถาบันจัดอันดับความน่าเชื่อถือที่ได้รับความเห็นชอบจากสำนักงาน และจัดทำอย่างต่อเนื่องตลอดอายุของหุ้นกู้

ลักษณะของตราสารหนี้ : การจัดอันดับความน่าเชื่อถือ ตราสาร (issue rating) / ผู้ค้ำประกัน (guarantor rating) / ผู้ออก (issuer rating)

1. ตราสารหนี้ระะยะสั้น* : ตราสาร (issue rating) / ผู้ออก (issuer rating)

2. ตราสารหนี้ระยะสั้นที่มีการค้ำประกัน ** : ตราสาร (issue rating) / ผู้ค้ำประกัน (guarantor rating) / ผู้ออก (issuer rating)

3. ตราสารหนี้ที่ไม่มีลักษณะตาม 1. หรือ 2. : ตราสาร (issue rating) 

 

*ตราสารหนี้ระยะสั้น หมายถึง หุ้นกู้แปลงสภาพที่มีกำหนดเวลาชำระหนี้ไม่เกิน 270 วัน นับแต่วันที่ออก หรือหุ้นกู้ระยะสั้นที่ไม่ใช่หุ้นกู้ด้อยสิทธิ

**การค้ำประกัน หมายถึง การค้ำประกันเต็มจำนวนที่มีผลบังคับให้ผู้ค้ำประกันต้องรับผิดร่วมกันกับ ลูกหนี้โดยไม่สามารถเพิกถอนได้ก่อนครบกำหนดอายุของหุ้นกู้

ข้อ 58 ในกรณีดังต่อไปนี้ ให้ผู้ได้รับอนุญาตได้รับยกเว้นการจัดอันดับความน่าเชื่อถือตามข้อ 57

(1) สถาบันจัดอันดับความน่าเชื่อถือที่ได้รับความเห็นชอบจากสำนักงานได้มีหนังสือแจ้งต่อสำนักงานว่าไม่สามารถทำการจัดอันดับความน่าเชื่อถือได้โดยมีเหตุอันสมควร และเหตุนั้นไม่ได้เกิดจากผู้ได้รับอนุญาต สำนักงานอาจผ่อนผันให้การจัดอันดับความน่าเชื่อถือนั้นกระทำโดยสถาบันจัดอันดับความน่าเชื่อถืออื่นที่สำนักงานกำหนดได้

(2) กรณีที่ได้รับการผ่อนผันจากสำนักงานโดยมีเหตุจำเป็นและสมควร หรือเป็นกรณีที่พิจารณาได้ว่าไม่จำเป็นต้องมีการจัดอันดับความน่าเชื่อถือ

ส่วนที่ 5

หลักเกณฑ์ทั่วไปเกี่ยวกับคุณสมบัติอื่น ๆ

______________________

ข้อ 59 ในกรณีที่ผู้ขออนุญาตเป็นกิจการต่างประเทศ ต้องเป็นไปตามหลักเกณฑ์ดังต่อไปนี้ด้วย

(1) ในกรณีที่ตราสารหนี้ที่ขออนุญาตเป็นตราสารหนี้สกุลเงินบาทที่เสนอขายในประเทศไทย ผู้ขออนุญาตต้องแสดงได้ว่ามีการดำเนินการภายใต้ข้อผูกพันที่กำหนดและอนุญาตโดยกระทรวงการคลังแล้ว

(2) ไม่มีเหตุอันควรสงสัยว่าหน่วยงานกำกับดูแลตลาดทุนของประเทศที่กิจการดังกล่าวจัดตั้งขึ้นจะไม่ให้ความช่วยเหลือแก่สำนักงานในการตรวจสอบหรือให้ข้อมูลที่เกี่ยวกับการฝ่าฝืนหรือไม่ปฏิบัติตามหลักเกณฑ์ของกฎหมายว่าด้วยหลักทรัพย์และตลาดหลักทรัพย์ และหลักเกณฑ์ที่ออกตามกฎหมายดังกล่าว

(3) มีบุคคลที่ได้รับมอบหมายให้เป็นตัวแทนในประเทศไทย เพื่อทำหน้าที่ประสานงานและติดต่อกับบุคคลต่าง ๆ รวมทั้งรับหนังสือ คำสั่ง หมายเรียก หรือเอกสารใด ๆ ที่เกี่ยวข้องกับกิจการตามกฎหมายต่างประเทศได้ และแสดงได้ว่าบุคคลดังกล่าวจะสามารถปฏิบัติหน้าที่ที่ได้รับมอบหมายได้ทั้งนี้ บุคคลดังกล่าวจะต้องสามารถทำหน้าที่ได้อย่างต่อเนื่องตลอดอายุของตราสาร

ข้อ 60 ในกรณีที่เป็นการขออนุญาตเสนอขายหุ้นกู้ ผู้ขออนุญาตต้องแสดงได้ว่าจะจัดให้มีผู้แทนผู้ถือหุ้นกู้ซึ่งเป็นบุคคลที่เป็นไปตามหลักเกณฑ์ในข้อ 24 โดยอนุโลม"
